date,home_team,away_team,home_score,away_score,possession_home,possession_away,shots_home,shots_away,shots_on_target_home,shots_on_target_away,shots_off_target_home,shots_off_target_away,pass_accuracy_home,pass_accuracy_away,xG_home,xG_away
16/08/2024,Manchester United,Fulham,1,0,55%,45%,14,10,5,2,7,4,85%,80%,2.04268,0.418711
16/08/2024,Manchester United,Fulham,1,0,55%,45%,14,10,5,2,7,4,85%,80%,2.04268,0.418711
17/08/2024,Ipswich,Liverpool,0,2,38%,62%,7,18,2,5,2,6,78%,86%,0.342601,3.92906
17/08/2024,Ipswich,Liverpool,0,2,38%,62%,7,18,2,5,2,6,78%,86%,0.342601,3.92906
17/08/2024,Newcastle,Southampton,1,0,22%,78%,3,19,1,4,0,4,65%,89%,0.43,1.95
17/08/2024,Arsenal,Wolves,2,0,53%,47%,18,9,6,3,6,5,85%,82%,1.63,0.58
17/08/2024,Everton,Brighton,0,3,38%,62%,9,10,1,5,4,3,77%,86%,0.405325,1.79083
17/08/2024,Everton,Brighton,0,3,38%,62%,9,10,1,5,4,3,77%,86%,0.405325,1.79083
17/08/2024,Nottingham Forest,Bournemouth,1,1,53%,47%,14,13,8,4,3,6,80%,78%,1.24405,1.90915
17/08/2024,Nottingham Forest,Bournemouth,1,1,53%,47%,14,13,8,4,3,6,80%,78%,1.24405,1.90915
17/08/2024,West Ham,Aston Villa,1,2,52%,48%,14,15,3,3,7,6,84%,84%,2.8047,2.6703
17/08/2024,West Ham,Aston Villa,1,2,52%,48%,14,15,3,3,7,6,84%,84%,2.8047,2.6703
18/08/2024,Brentford,Crystal Palace,2,1,46%,54%,9,14,5,6,3,4,77%,81%,1.38064,1.14757
18/08/2024,Brentford,Crystal Palace,2,1,46%,54%,9,14,5,6,3,4,77%,81%,1.38064,1.14757
18/08/2024,Chelsea,Manchester City,0,2,48%,52%,10,11,3,5,3,3,89%,89%,1.06123,1.18038
18/08/2024,Chelsea,Manchester City,0,2,48%,52%,10,11,3,5,3,3,89%,89%,1.06123,1.18038
19/08/2024,Leicester,Tottenham,1,1,30%,70%,7,15,3,7,3,3,77%,90%,1.02614,1.40775
19/08/2024,Leicester,Tottenham,1,1,30%,70%,7,15,3,7,3,3,77%,90%,1.02614,1.40775
24/08/2024,Brighton,Manchester United,2,1,48%,52%,14,11,5,4,6,5,85%,87%,2.14153,1.28556
24/08/2024,Brighton,Manchester United,2,1,48%,52%,14,11,5,4,6,5,85%,87%,2.14153,1.28556
24/08/2024,Fulham,Leicester,2,1,54%,46%,18,10,6,4,7,4,85%,84%,1.96218,0.857005
24/08/2024,Fulham,Leicester,2,1,54%,46%,18,10,6,4,7,4,85%,84%,1.96218,0.857005
24/08/2024,Southampton,Nottingham Forest,0,1,65%,35%,5,23,1,8,1,8,91%,84%,0.214952,2.86475
24/08/2024,Southampton,Nottingham Forest,0,1,65%,35%,5,23,1,8,1,8,91%,84%,0.214952,2.86475
24/08/2024,Tottenham,Everton,4,0,71%,29%,13,10,7,1,5,3,89%,75%,2.61143,0.648869
24/08/2024,Tottenham,Everton,4,0,71%,29%,13,10,7,1,5,3,89%,75%,2.61143,0.648869
24/08/2024,Manchester City,Ipswich,4,1,75%,25%,14,1,5,1,6,0,93%,82%,3.07818,0.479999
24/08/2024,Manchester City,Ipswich,4,1,75%,25%,14,1,5,1,6,0,93%,82%,3.07818,0.479999
24/08/2024,Crystal Palace,West Ham,0,2,58%,42%,14,18,2,3,8,10,82%,77%,1.3761,1.53421
24/08/2024,Crystal Palace,West Ham,0,2,58%,42%,14,18,2,3,8,10,82%,77%,1.3761,1.53421
24/08/2024,Aston Villa,Arsenal,0,2,39%,61%,11,9,3,4,3,4,82%,91%,1.31664,1.41399
24/08/2024,Aston Villa,Arsenal,0,2,39%,61%,11,9,3,4,3,4,82%,91%,1.31664,1.41399
25/08/2024,Bournemouth,Newcastle,1,1,39%,61%,16,14,4,5,7,4,76%,79%,2.54,1.89
25/08/2024,Wolves,Chelsea,2,6,40%,60%,12,14,4,8,6,3,79%,86%,2.42,2.03
25/08/2024,Liverpool,Brentford,2,0,63%,37%,19,8,8,2,4,3,92%,82%,2.71877,0.457239
25/08/2024,Liverpool,Brentford,2,0,63%,37%,19,8,8,2,4,3,92%,82%,2.71877,0.457239
31/08/2024,Arsenal,Brighton,1,1,36%,64%,11,22,7,4,2,10,74%,86%,2.41798,1.81748
31/08/2024,Arsenal,Brighton,1,1,36%,64%,11,22,7,4,2,10,74%,86%,2.41798,1.81748
31/08/2024,Everton,Bournemouth,2,3,47%,53%,18,17,8,7,8,5,74%,77%,2.55629,2.95688
31/08/2024,Everton,Bournemouth,2,3,47%,53%,18,17,8,7,8,5,74%,77%,2.55629,2.95688
31/08/2024,Leicester,Aston Villa,1,2,58%,42%,9,10,3,5,5,3,89%,83%,0.774741,2.16385
31/08/2024,Leicester,Aston Villa,1,2,58%,42%,9,10,3,5,5,3,89%,83%,0.774741,2.16385
31/08/2024,Brentford,Southampton,3,1,37%,63%,20,18,7,6,7,7,87%,88%,3.86281,1.64713
31/08/2024,Brentford,Southampton,3,1,37%,63%,20,18,7,6,7,7,87%,88%,3.86281,1.64713
31/08/2024,Ipswich,Fulham,1,1,49%,51%,11,9,4,4,3,2,86%,86%,0.707048,1.18883
31/08/2024,Ipswich,Fulham,1,1,49%,51%,11,9,4,4,3,2,86%,86%,0.707048,1.18883
31/08/2024,Nottingham Forest,Wolves,1,1,52%,48%,16,11,5,3,5,6,80%,78%,1.41,0.94
31/08/2024,West Ham,Manchester City,1,3,32%,68%,10,23,2,8,5,10,84%,92%,0.947201,3.19297
31/08/2024,West Ham,Manchester City,1,3,32%,68%,10,23,2,8,5,10,84%,92%,0.947201,3.19297
01/09/2024,Newcastle,Tottenham,2,1,34%,66%,9,20,3,6,3,6,70%,84%,1.59,1.63
01/09/2024,Chelsea,Crystal Palace,1,1,63%,37%,13,9,7,3,5,1,90%,79%,2.97743,0.459708
01/09/2024,Chelsea,Crystal Palace,1,1,63%,37%,13,9,7,3,5,1,90%,79%,2.97743,0.459708
01/09/2024,Manchester United,Liverpool,0,3,53%,47%,8,11,3,3,5,7,83%,84%,1.50087,2.10397
01/09/2024,Manchester United,Liverpool,0,3,53%,47%,8,11,3,3,5,7,83%,84%,1.50087,2.10397
14/09/2024,Southampton,Manchester United,0,3,44%,56%,6,20,4,10,1,3,88%,91%,1.35593,3.02693
14/09/2024,Southampton,Manchester United,0,3,44%,56%,6,20,4,10,1,3,88%,91%,1.35593,3.02693
14/09/2024,Fulham,West Ham,1,1,55%,45%,21,11,5,3,8,5,80%,77%,2.88601,0.682719
14/09/2024,Fulham,West Ham,1,1,55%,45%,21,11,5,3,8,5,80%,77%,2.88601,0.682719
14/09/2024,Liverpool,Nottingham Forest,0,1,69%,31%,14,5,5,3,6,2,84%,69%,1.17044,0.589532
14/09/2024,Liverpool,Nottingham Forest,0,1,69%,31%,14,5,5,3,6,2,84%,69%,1.17044,0.589532
14/09/2024,Manchester City,Brentford,2,1,54%,46%,18,8,7,5,6,2,89%,85%,1.55279,1.05094
14/09/2024,Manchester City,Brentford,2,1,54%,46%,18,8,7,5,6,2,89%,85%,1.55279,1.05094
14/09/2024,Brighton,Ipswich,0,0,69%,31%,21,6,6,1,5,4,86%,70%,1.75696,0.721323
14/09/2024,Brighton,Ipswich,0,0,69%,31%,21,6,6,1,5,4,86%,70%,1.75696,0.721323
14/09/2024,Crystal Palace,Leicester,2,2,67%,33%,20,9,4,4,6,4,85%,69%,2.88716,1.65187
14/09/2024,Crystal Palace,Leicester,2,2,67%,33%,20,9,4,4,6,4,85%,69%,2.88716,1.65187
14/09/2024,Aston Villa,Everton,3,2,73%,27%,17,6,8,2,6,3,91%,76%,3.15876,0.852158
14/09/2024,Aston Villa,Everton,3,2,73%,27%,17,6,8,2,6,3,91%,76%,3.15876,0.852158
14/09/2024,Bournemouth,Chelsea,0,1,33%,67%,19,10,7,3,8,3,70%,85%,1.53731,0.932726
14/09/2024,Bournemouth,Chelsea,0,1,33%,67%,19,10,7,3,8,3,70%,85%,1.53731,0.932726
15/09/2024,Tottenham,Arsenal,0,1,64%,36%,15,7,5,4,4,0,88%,76%,0.792595,1.1209
15/09/2024,Tottenham,Arsenal,0,1,64%,36%,15,7,5,4,4,0,88%,76%,0.792595,1.1209
15/09/2024,Wolves,Newcastle,1,2,49%,51%,12,14,5,6,5,4,84%,88%,1.47,1.48
21/09/2024,West Ham,Chelsea,0,3,53%,47%,15,12,7,5,3,4,89%,87%,0.758267,2.39727
21/09/2024,West Ham,Chelsea,0,3,53%,47%,15,12,7,5,3,4,89%,87%,0.758267,2.39727
21/09/2024,Fulham,Newcastle,3,1,39%,61%,22,16,11,5,9,8,82%,90%,3.21,1.1
21/09/2024,Liverpool,Bournemouth,3,0,59%,41%,19,19,13,6,3,9,89%,85%,2.43731,1.46979
21/09/2024,Liverpool,Bournemouth,3,0,59%,41%,19,19,13,6,3,9,89%,85%,2.43731,1.46979
21/09/2024,Southampton,Ipswich,1,1,54%,46%,11,13,3,6,5,4,87%,86%,2.89813,1.645
21/09/2024,Southampton,Ipswich,1,1,54%,46%,11,13,3,6,5,4,87%,86%,2.89813,1.645
21/09/2024,Leicester,Everton,1,1,59%,41%,12,17,2,5,7,6,85%,81%,1.33793,1.82377
21/09/2024,Leicester,Everton,1,1,59%,41%,12,17,2,5,7,6,85%,81%,1.33793,1.82377
21/09/2024,Tottenham,Brentford,3,1,48%,52%,23,6,10,6,3,0,82%,80%,3.89481,0.893565
21/09/2024,Tottenham,Brentford,3,1,48%,52%,23,6,10,6,3,0,82%,80%,3.89481,0.893565
21/09/2024,Aston Villa,Wolves,3,1,53%,47%,9,10,4,4,2,1,88%,86%,2.37,0.52
21/09/2024,Crystal Palace,Manchester United,0,0,33%,67%,9,15,4,6,3,5,71%,86%,1.66928,2.35056
21/09/2024,Crystal Palace,Manchester United,0,0,33%,67%,9,15,4,6,3,5,71%,86%,1.66928,2.35056
22/09/2024,Brighton,Nottingham Forest,2,2,70%,30%,14,4,3,3,4,0,88%,69%,1.56836,1.36923
22/09/2024,Brighton,Nottingham Forest,2,2,70%,30%,14,4,3,3,4,0,88%,69%,1.56836,1.36923
22/09/2024,Manchester City,Arsenal,2,2,77%,23%,33,5,11,3,9,2,91%,71%,2.75588,1.28411
22/09/2024,Manchester City,Arsenal,2,2,77%,23%,33,5,11,3,9,2,91%,71%,2.75588,1.28411
28/09/2024,Newcastle,Manchester City,1,1,38%,62%,11,16,4,6,3,4,79%,88%,1.34,1.27
28/09/2024,Arsenal,Leicester,4,2,75%,25%,36,5,16,3,10,1,89%,74%,6.05305,0.337909
28/09/2024,Arsenal,Leicester,4,2,75%,25%,36,5,16,3,10,1,89%,74%,6.05305,0.337909
28/09/2024,Everton,Crystal Palace,2,1,40%,60%,8,17,2,5,4,5,75%,81%,1.10959,1.12358
28/09/2024,Everton,Crystal Palace,2,1,40%,60%,8,17,2,5,4,5,75%,81%,1.10959,1.12358
28/09/2024,Chelsea,Brighton,4,2,41%,59%,15,15,7,5,5,5,77%,86%,3.65839,1.20712
28/09/2024,Chelsea,Brighton,4,2,41%,59%,15,15,7,5,5,5,77%,86%,3.65839,1.20712
28/09/2024,Brentford,West Ham,1,1,57%,43%,8,19,3,3,2,10,80%,79%,0.370222,0.878617
28/09/2024,Brentford,West Ham,1,1,57%,43%,8,19,3,3,2,10,80%,79%,0.370222,0.878617
28/09/2024,Nottingham Forest,Fulham,0,1,41%,59%,11,14,1,2,5,5,79%,87%,0.614351,1.43592
28/09/2024,Nottingham Forest,Fulham,0,1,41%,59%,11,14,1,2,5,5,79%,87%,0.614351,1.43592
28/09/2024,Wolves,Liverpool,1,2,45%,55%,8,10,3,6,3,3,84%,85%,0.75,2.12
29/09/2024,Ipswich,Aston Villa,2,2,44%,56%,15,7,5,3,6,4,85%,89%,1.84608,1.14494
29/09/2024,Ipswich,Aston Villa,2,2,44%,56%,15,7,5,3,6,4,85%,89%,1.84608,1.14494
29/09/2024,Manchester United,Tottenham,0,3,39%,61%,11,24,2,10,5,7,79%,88%,0.600721,5.4072
29/09/2024,Manchester United,Tottenham,0,3,39%,61%,11,24,2,10,5,7,79%,88%,0.600721,5.4072
30/09/2024,Bournemouth,Southampton,3,1,40%,60%,14,9,6,3,2,3,81%,86%,1.44215,0.696068
30/09/2024,Bournemouth,Southampton,3,1,40%,60%,14,9,6,3,2,3,81%,86%,1.44215,0.696068
05/10/2024,Crystal Palace,Liverpool,0,1,32%,68%,9,16,5,4,4,7,70%,86%,0.609481,2.07332
05/10/2024,Crystal Palace,Liverpool,0,1,32%,68%,9,16,5,4,4,7,70%,86%,0.609481,2.07332
05/10/2024,Arsenal,Southampton,3,1,59%,41%,29,8,6,2,13,1,90%,85%,3.25165,1.27313
05/10/2024,Arsenal,Southampton,3,1,59%,41%,29,8,6,2,13,1,90%,85%,3.25165,1.27313
05/10/2024,Leicester,Bournemouth,1,0,44%,56%,6,19,2,2,3,11,76%,82%,0.912063,1.94963
05/10/2024,Leicester,Bournemouth,1,0,44%,56%,6,19,2,2,3,11,76%,82%,0.912063,1.94963
05/10/2024,West Ham,Ipswich,4,1,53%,47%,23,9,13,2,6,4,87%,84%,4.39402,1.18463
05/10/2024,West Ham,Ipswich,4,1,53%,47%,23,9,13,2,6,4,87%,84%,4.39402,1.18463
05/10/2024,Manchester City,Fulham,3,2,58%,42%,20,11,7,4,5,3,91%,87%,1.36684,2.75846
05/10/2024,Manchester City,Fulham,3,2,58%,42%,20,11,7,4,5,3,91%,87%,1.36684,2.75846
05/10/2024,Brentford,Wolves,5,3,44%,56%,19,17,12,6,4,7,78%,79%,4.14,0.73
05/10/2024,Everton,Newcastle,0,0,32%,68%,8,14,2,3,5,8,74%,86%,0.69,1.79
06/10/2024,Chelsea,Nottingham Forest,1,1,66%,34%,22,16,8,9,9,1,88%,76%,2.27752,1.66654
06/10/2024,Chelsea,Nottingham Forest,1,1,66%,34%,22,16,8,9,9,1,88%,76%,2.27752,1.66654
06/10/2024,Aston Villa,Manchester United,0,0,54%,46%,11,10,1,4,7,4,83%,82%,0.532809,0.448537
06/10/2024,Aston Villa,Manchester United,0,0,54%,46%,11,10,1,4,7,4,83%,82%,0.532809,0.448537
06/10/2024,Brighton,Tottenham,3,2,41%,59%,11,13,4,3,5,7,83%,88%,1.97217,1.09279
06/10/2024,Brighton,Tottenham,3,2,41%,59%,11,13,4,3,5,7,83%,88%,1.97217,1.09279
19/10/2024,Tottenham,West Ham,4,1,57%,43%,22,11,7,4,9,4,87%,81%,1.44052,0.858803
19/10/2024,Tottenham,West Ham,4,1,57%,43%,22,11,7,4,9,4,87%,81%,1.44052,0.858803
19/10/2024,Manchester United,Brentford,2,1,50%,50%,23,8,11,2,6,4,84%,85%,1.76555,0.892843
19/10/2024,Manchester United,Brentford,2,1,50%,50%,23,8,11,2,6,4,84%,85%,1.76555,0.892843
19/10/2024,Newcastle,Brighton,0,1,60%,40%,21,10,6,5,6,3,82%,79%,1.94,1.68
19/10/2024,Fulham,Aston Villa,1,3,52%,48%,10,14,4,5,5,5,87%,88%,2.63074,1.43595
19/10/2024,Fulham,Aston Villa,1,3,52%,48%,10,14,4,5,5,5,87%,88%,2.63074,1.43595
19/10/2024,Southampton,Leicester,2,3,42%,58%,14,18,7,4,5,10,83%,85%,2.42776,2.83826
19/10/2024,Southampton,Leicester,2,3,42%,58%,14,18,7,4,5,10,83%,85%,2.42776,2.83826
19/10/2024,Ipswich,Everton,0,2,55%,45%,13,11,2,8,8,3,87%,79%,1.174,1.60804
19/10/2024,Ipswich,Everton,0,2,55%,45%,13,11,2,8,8,3,87%,79%,1.174,1.60804
19/10/2024,Bournemouth,Arsenal,2,0,49%,51%,13,6,4,1,4,4,80%,79%,2.18419,0.740758
19/10/2024,Bournemouth,Arsenal,2,0,49%,51%,13,6,4,1,4,4,80%,79%,2.18419,0.740758
20/10/2024,Wolves,Manchester City,1,2,22%,78%,3,22,2,7,1,7,66%,90%,0.76,1.37
20/10/2024,Liverpool,Chelsea,2,1,43%,57%,9,12,5,2,3,6,80%,88%,2.22517,1.33904
20/10/2024,Liverpool,Chelsea,2,1,43%,57%,9,12,5,2,3,6,80%,88%,2.22517,1.33904
21/10/2024,Nottingham Forest,Crystal Palace,1,0,50%,50%,20,20,6,7,5,7,82%,80%,1.88573,0.835001
21/10/2024,Nottingham Forest,Crystal Palace,1,0,50%,50%,20,20,6,7,5,7,82%,80%,1.88573,0.835001
25/10/2024,Leicester,Nottingham Forest,1,3,64%,36%,11,20,1,5,7,9,86%,76%,0.832415,2.54488
25/10/2024,Leicester,Nottingham Forest,1,3,64%,36%,11,20,1,5,7,9,86%,76%,0.832415,2.54488
26/10/2024,Manchester City,Southampton,1,0,57%,43%,22,5,8,2,7,2,93%,91%,3.16286,0.369989
26/10/2024,Manchester City,Southampton,1,0,57%,43%,22,5,8,2,7,2,93%,91%,3.16286,0.369989
26/10/2024,Brighton,Wolves,2,2,51%,49%,19,14,6,7,5,2,87%,82%,1.51,1.11
26/10/2024,Brentford,Ipswich,4,3,65%,35%,20,11,9,5,5,6,84%,72%,4.09663,1.65698
26/10/2024,Brentford,Ipswich,4,3,65%,35%,20,11,9,5,5,6,84%,72%,4.09663,1.65698
26/10/2024,Aston Villa,Bournemouth,1,1,57%,43%,18,10,8,3,5,4,83%,83%,1.974,0.328651
26/10/2024,Aston Villa,Bournemouth,1,1,57%,43%,18,10,8,3,5,4,83%,83%,1.974,0.328651
26/10/2024,Everton,Fulham,1,1,40%,60%,10,14,5,3,3,9,79%,86%,0.884845,1.49531
26/10/2024,Everton,Fulham,1,1,40%,60%,10,14,5,3,3,9,79%,86%,0.884845,1.49531
27/10/2024,West Ham,Manchester United,2,1,43%,57%,12,18,3,5,8,7,81%,84%,2.99312,2.62598
27/10/2024,West Ham,Manchester United,2,1,43%,57%,12,18,3,5,8,7,81%,84%,2.99312,2.62598
27/10/2024,Chelsea,Newcastle,2,1,50%,50%,17,11,7,3,6,5,85%,80%,1.62,1.74
27/10/2024,Crystal Palace,Tottenham,1,0,34%,66%,14,11,6,3,7,4,64%,81%,0.978611,1.0192
27/10/2024,Crystal Palace,Tottenham,1,0,34%,66%,14,11,6,3,7,4,64%,81%,0.978611,1.0192
27/10/2024,Arsenal,Liverpool,2,2,45%,55%,9,9,3,4,4,3,80%,83%,1.0883,1.35346
27/10/2024,Arsenal,Liverpool,2,2,45%,55%,9,9,3,4,4,3,80%,83%,1.0883,1.35346
02/11/2024,Newcastle,Arsenal,1,0,36%,64%,9,10,4,1,2,6,69%,86%,0.86,0.91
02/11/2024,Bournemouth,Manchester City,2,1,36%,64%,12,18,6,4,4,10,84%,90%,2.4493,2.3527
02/11/2024,Bournemouth,Manchester City,2,1,36%,64%,12,18,6,4,4,10,84%,90%,2.4493,2.3527
02/11/2024,Liverpool,Brighton,2,1,49%,51%,16,13,8,5,2,4,83%,87%,1.81037,1.01568
02/11/2024,Liverpool,Brighton,2,1,49%,51%,16,13,8,5,2,4,83%,87%,1.81037,1.01568
02/11/2024,Southampton,Everton,1,0,65%,35%,9,16,2,5,5,8,92%,81%,0.540345,1.78581
02/11/2024,Southampton,Everton,1,0,65%,35%,9,16,2,5,5,8,92%,81%,0.540345,1.78581
02/11/2024,Ipswich,Leicester,1,1,42%,58%,14,20,2,6,6,6,77%,80%,1.33617,2.33858
02/11/2024,Ipswich,Leicester,1,1,42%,58%,14,20,2,6,6,6,77%,80%,1.33617,2.33858
02/11/2024,Nottingham Forest,West Ham,3,0,53%,47%,19,4,6,2,10,2,85%,79%,2.35011,0.132317
02/11/2024,Nottingham Forest,West Ham,3,0,53%,47%,19,4,6,2,10,2,85%,79%,2.35011,0.132317
02/11/2024,Wolves,Crystal Palace,2,2,57%,43%,11,19,6,7,4,7,80%,76%,1.65,2.65
03/11/2024,Tottenham,Aston Villa,4,1,51%,49%,16,12,6,1,8,8,89%,84%,2.09751,2.48749
03/11/2024,Tottenham,Aston Villa,4,1,51%,49%,16,12,6,1,8,8,89%,84%,2.09751,2.48749
03/11/2024,Manchester United,Chelsea,1,1,46%,54%,11,12,4,3,4,4,80%,84%,2.1605,1.21071
03/11/2024,Manchester United,Chelsea,1,1,46%,54%,11,12,4,3,4,4,80%,84%,2.1605,1.21071
04/11/2024,Fulham,Brentford,2,1,68%,32%,26,5,12,2,4,1,88%,70%,1.43017,0.739231
04/11/2024,Fulham,Brentford,2,1,68%,32%,26,5,12,2,4,1,88%,70%,1.43017,0.739231
09/11/2024,Wolves,Southampton,2,0,29%,71%,8,9,4,0,1,6,77%,90%,0.91,0.79
09/11/2024,West Ham,Everton,0,0,49%,51%,11,18,6,4,1,8,78%,76%,1.1237,0.865983
09/11/2024,West Ham,Everton,0,0,49%,51%,11,18,6,4,1,8,78%,76%,1.1237,0.865983
09/11/2024,Crystal Palace,Fulham,0,2,36%,64%,13,17,5,7,6,6,77%,85%,1.96037,2.25331
09/11/2024,Crystal Palace,Fulham,0,2,36%,64%,13,17,5,7,6,6,77%,85%,1.96037,2.25331
09/11/2024,Brentford,Bournemouth,3,2,52%,48%,12,15,6,3,2,3,76%,75%,1.56474,2.49234
09/11/2024,Brentford,Bournemouth,3,2,52%,48%,12,15,6,3,2,3,76%,75%,1.56474,2.49234
09/11/2024,Brighton,Manchester City,2,1,40%,60%,10,15,4,6,4,6,87%,90%,2.87116,2.60334
09/11/2024,Brighton,Manchester City,2,1,40%,60%,10,15,4,6,4,6,87%,90%,2.87116,2.60334
09/11/2024,Liverpool,Aston Villa,2,0,62%,38%,14,12,5,2,6,8,88%,82%,2.68196,1.66337
09/11/2024,Liverpool,Aston Villa,2,0,62%,38%,14,12,5,2,6,8,88%,82%,2.68196,1.66337
10/11/2024,Manchester United,Leicester,3,0,51%,49%,13,6,3,5,4,1,85%,83%,1.2369,0.417295
10/11/2024,Manchester United,Leicester,3,0,51%,49%,13,6,3,5,4,1,85%,83%,1.2369,0.417295
10/11/2024,Tottenham,Ipswich,1,2,66%,34%,17,8,5,3,9,2,84%,68%,1.75088,2.18392
10/11/2024,Tottenham,Ipswich,1,2,66%,34%,17,8,5,3,9,2,84%,68%,1.75088,2.18392
10/11/2024,Nottingham Forest,Newcastle,1,3,44%,56%,9,17,3,6,3,7,78%,86%,1.18,1.17
10/11/2024,Chelsea,Arsenal,1,1,49%,51%,17,13,3,3,6,4,85%,88%,1.24067,1.9605
10/11/2024,Chelsea,Arsenal,1,1,49%,51%,17,13,3,3,6,4,85%,88%,1.24067,1.9605
23/11/2024,Leicester,Chelsea,1,2,37%,63%,4,16,1,7,2,6,75%,87%,0.967987,2.81658
23/11/2024,Leicester,Chelsea,1,2,37%,63%,4,16,1,7,2,6,75%,87%,0.967987,2.81658
23/11/2024,Bournemouth,Brighton,1,2,55%,45%,19,6,5,4,11,1,87%,81%,1.91157,1.23059
23/11/2024,Bournemouth,Brighton,1,2,55%,45%,19,6,5,4,11,1,87%,81%,1.91157,1.23059
23/11/2024,Fulham,Wolves,1,4,59%,41%,10,10,3,5,4,2,85%,83%,0.72,1.34
23/11/2024,Arsenal,Nottingham Forest,3,0,66%,34%,19,7,7,0,7,5,91%,81%,1.66016,0.403136
23/11/2024,Arsenal,Nottingham Forest,3,0,66%,34%,19,7,7,0,7,5,91%,81%,1.66016,0.403136
23/11/2024,Everton,Brentford,0,0,59%,41%,27,9,5,2,12,4,87%,79%,1.5951,1.34314
23/11/2024,Everton,Brentford,0,0,59%,41%,27,9,5,2,12,4,87%,79%,1.5951,1.34314
23/11/2024,Aston Villa,Crystal Palace,2,2,70%,30%,17,13,5,6,6,6,86%,69%,3.04455,1.61437
23/11/2024,Aston Villa,Crystal Palace,2,2,70%,30%,17,13,5,6,6,6,86%,69%,3.04455,1.61437
23/11/2024,Manchester City,Tottenham,0,4,58%,42%,23,9,5,7,11,2,92%,84%,2.15899,3.30449
23/11/2024,Manchester City,Tottenham,0,4,58%,42%,23,9,5,7,11,2,92%,84%,2.15899,3.30449
24/11/2024,Southampton,Liverpool,2,3,38%,62%,7,27,5,11,2,7,83%,89%,1.53985,3.18835
24/11/2024,Southampton,Liverpool,2,3,38%,62%,7,27,5,11,2,7,83%,89%,1.53985,3.18835
24/11/2024,Ipswich,Manchester United,1,1,40%,60%,11,11,6,4,3,5,82%,88%,1.98714,1.26912
24/11/2024,Ipswich,Manchester United,1,1,40%,60%,11,11,6,4,3,5,82%,88%,1.98714,1.26912
25/11/2024,Newcastle,West Ham,0,2,53%,47%,18,15,2,6,10,3,85%,82%,1.5,0.94
29/11/2024,Brighton,Southampton,1,1,52%,48%,22,10,5,2,10,2,90%,87%,1.86986,0.934969
29/11/2024,Brighton,Southampton,1,1,52%,48%,22,10,5,2,10,2,90%,87%,1.86986,0.934969
30/11/2024,Wolves,Bournemouth,2,4,60%,40%,10,12,3,8,5,2,85%,77%,0.87,3.08
30/11/2024,Crystal Palace,Newcastle,1,1,49%,51%,16,1,4,0,7,0,80%,81%,2.3,0.02
30/11/2024,Brentford,Leicester,4,1,60%,40%,13,7,6,3,3,1,85%,76%,2.21885,0.907555
30/11/2024,Brentford,Leicester,4,1,60%,40%,13,7,6,3,3,1,85%,76%,2.21885,0.907555
30/11/2024,Nottingham Forest,Ipswich,1,0,45%,55%,12,7,5,3,5,2,77%,79%,1.76587,0.462771
30/11/2024,Nottingham Forest,Ipswich,1,0,45%,55%,12,7,5,3,5,2,77%,79%,1.76587,0.462771
30/11/2024,West Ham,Arsenal,2,5,40%,60%,12,16,5,7,3,5,78%,84%,1.23539,3.99935
30/11/2024,West Ham,Arsenal,2,5,40%,60%,12,16,5,7,3,5,78%,84%,1.23539,3.99935
01/12/2024,Manchester United,Everton,4,0,60%,40%,11,8,5,2,2,3,90%,86%,1.76161,0.766749
01/12/2024,Manchester United,Everton,4,0,60%,40%,11,8,5,2,2,3,90%,86%,1.76161,0.766749
01/12/2024,Tottenham,Fulham,1,1,51%,49%,8,14,3,6,3,4,87%,84%,1.01086,1.57274
01/12/2024,Tottenham,Fulham,1,1,51%,49%,8,14,3,6,3,4,87%,84%,1.01086,1.57274
01/12/2024,Chelsea,Aston Villa,3,0,64%,36%,17,10,8,4,6,3,90%,84%,1.94939,0.875443
01/12/2024,Chelsea,Aston Villa,3,0,64%,36%,17,10,8,4,6,3,90%,84%,1.94939,0.875443
01/12/2024,Liverpool,Manchester City,2,0,44%,56%,18,8,7,2,7,3,84%,88%,3.70054,0.745015
01/12/2024,Liverpool,Manchester City,2,0,44%,56%,18,8,7,2,7,3,84%,88%,3.70054,0.745015
03/12/2024,Ipswich,Crystal Palace,0,1,54%,46%,9,13,2,3,4,4,83%,80%,0.471708,1.65422
03/12/2024,Ipswich,Crystal Palace,0,1,54%,46%,9,13,2,3,4,4,83%,80%,0.471708,1.65422
03/12/2024,Leicester,West Ham,3,1,39%,61%,8,31,6,10,2,10,75%,86%,2.78061,2.87716
03/12/2024,Leicester,West Ham,3,1,39%,61%,8,31,6,10,2,10,75%,86%,2.78061,2.87716
04/12/2024,Newcastle,Liverpool,3,3,41%,59%,17,16,6,5,7,5,79%,88%,1.52,2.23
04/12/2024,Southampton,Chelsea,1,5,45%,55%,6,26,4,13,0,7,89%,92%,1.91014,5.8331
04/12/2024,Southampton,Chelsea,1,5,45%,55%,6,26,4,13,0,7,89%,92%,1.91014,5.8331
04/12/2024,Everton,Wolves,4,0,44%,56%,13,6,4,2,5,2,80%,80%,1.5,0.85
04/12/2024,Manchester City,Nottingham Forest,3,0,66%,34%,17,12,7,3,7,7,89%,79%,3.20169,0.802155
04/12/2024,Manchester City,Nottingham Forest,3,0,66%,34%,17,12,7,3,7,7,89%,79%,3.20169,0.802155
04/12/2024,Arsenal,Manchester United,2,0,50%,50%,14,5,6,2,3,3,87%,87%,2.96684,0.256083
04/12/2024,Arsenal,Manchester United,2,0,50%,50%,14,5,6,2,3,3,87%,87%,2.96684,0.256083
04/12/2024,Aston Villa,Brentford,3,1,49%,51%,20,9,10,1,6,4,86%,85%,3.21673,1.13266
04/12/2024,Aston Villa,Brentford,3,1,49%,51%,20,9,10,1,6,4,86%,85%,3.21673,1.13266
05/12/2024,Fulham,Brighton,3,1,43%,57%,6,13,2,3,3,5,81%,88%,0.666644,1.09939
05/12/2024,Fulham,Brighton,3,1,43%,57%,6,13,2,3,3,5,81%,88%,0.666644,1.09939
05/12/2024,Bournemouth,Tottenham,1,0,35%,65%,21,12,8,4,8,5,70%,82%,3.27716,0.623934
05/12/2024,Bournemouth,Tottenham,1,0,35%,65%,21,12,8,4,8,5,70%,82%,3.27716,0.623934
07/12/2024,Crystal Palace,Manchester City,2,2,32%,68%,12,12,3,4,1,4,77%,88%,1.21476,1.5846
07/12/2024,Crystal Palace,Manchester City,2,2,32%,68%,12,12,3,4,1,4,77%,88%,1.21476,1.5846
07/12/2024,Brentford,Newcastle,4,2,44%,56%,11,16,8,3,2,11,80%,86%,1.75,1.96
07/12/2024,Aston Villa,Southampton,1,0,47%,53%,18,4,5,0,5,0,86%,89%,2.51338,0.385832
07/12/2024,Aston Villa,Southampton,1,0,47%,53%,18,4,5,0,5,0,86%,89%,2.51338,0.385832
07/12/2024,Manchester United,Nottingham Forest,2,3,71%,29%,17,11,7,3,5,4,88%,65%,1.4697,0.651217
07/12/2024,Manchester United,Nottingham Forest,2,3,71%,29%,17,11,7,3,5,4,88%,65%,1.4697,0.651217
08/12/2024,Fulham,Arsenal,1,1,34%,66%,2,12,2,4,0,8,72%,89%,0.150988,2.4333
08/12/2024,Fulham,Arsenal,1,1,34%,66%,2,12,2,4,0,8,72%,89%,0.150988,2.4333
08/12/2024,Leicester,Brighton,2,2,55%,45%,10,16,3,7,2,6,84%,85%,1.42438,1.12184
08/12/2024,Leicester,Brighton,2,2,55%,45%,10,16,3,7,2,6,84%,85%,1.42438,1.12184
08/12/2024,Ipswich,Bournemouth,1,2,43%,57%,18,22,5,6,6,9,74%,81%,1.5668,3.49127
08/12/2024,Ipswich,Bournemouth,1,2,43%,57%,18,22,5,6,6,9,74%,81%,1.5668,3.49127
08/12/2024,Tottenham,Chelsea,3,4,39%,61%,13,17,5,8,5,4,83%,86%,3.25488,2.57326
08/12/2024,Tottenham,Chelsea,3,4,39%,61%,13,17,5,8,5,4,83%,86%,3.25488,2.57326
09/12/2024,West Ham,Wolves,2,1,54%,46%,19,19,4,5,6,7,81%,77%,1.2,1.48
14/12/2024,Newcastle,Leicester,4,0,59%,41%,27,4,11,1,9,0,87%,78%,3.95,0.19
14/12/2024,Wolves,Ipswich,1,2,54%,46%,16,10,6,5,5,2,84%,83%,1.24,1.73
14/12/2024,Liverpool,Fulham,2,2,61%,39%,16,12,4,3,7,5,89%,82%,2.09698,1.2862
14/12/2024,Liverpool,Fulham,2,2,61%,39%,16,12,4,3,7,5,89%,82%,2.09698,1.2862
14/12/2024,Arsenal,Everton,0,0,77%,23%,13,2,5,0,3,0,92%,71%,1.30865,0.132166
14/12/2024,Arsenal,Everton,0,0,77%,23%,13,2,5,0,3,0,92%,71%,1.30865,0.132166
14/12/2024,Nottingham Forest,Aston Villa,2,1,50%,50%,17,8,6,2,6,4,91%,88%,2.2861,0.389423
14/12/2024,Nottingham Forest,Aston Villa,2,1,50%,50%,17,8,6,2,6,4,91%,88%,2.2861,0.389423
15/12/2024,Brighton,Crystal Palace,1,3,65%,35%,17,13,5,5,4,5,88%,74%,1.32323,3.00618
15/12/2024,Brighton,Crystal Palace,1,3,65%,35%,17,13,5,5,4,5,88%,74%,1.32323,3.00618
15/12/2024,Manchester City,Manchester United,1,2,52%,48%,10,10,3,3,4,4,87%,88%,0.638103,2.04662
15/12/2024,Manchester City,Manchester United,1,2,52%,48%,10,10,3,3,4,4,87%,88%,0.638103,2.04662
15/12/2024,Southampton,Tottenham,0,5,42%,58%,9,18,3,9,4,5,87%,91%,1.27356,3.89322
15/12/2024,Southampton,Tottenham,0,5,42%,58%,9,18,3,9,4,5,87%,91%,1.27356,3.89322
15/12/2024,Chelsea,Brentford,2,1,62%,38%,26,9,8,4,10,3,86%,76%,2.59146,1.65861
15/12/2024,Chelsea,Brentford,2,1,62%,38%,26,9,8,4,10,3,86%,76%,2.59146,1.65861
16/12/2024,Bournemouth,West Ham,1,1,51%,49%,29,16,9,3,6,6,76%,73%,2.04842,1.81827
16/12/2024,Bournemouth,West Ham,1,1,51%,49%,29,16,9,3,6,6,76%,73%,2.04842,1.81827
21/12/2024,Aston Villa,Manchester City,2,1,44%,56%,11,12,6,6,3,5,86%,92%,2.05988,1.09627
21/12/2024,Aston Villa,Manchester City,2,1,44%,56%,11,12,6,6,3,5,86%,92%,2.05988,1.09627
21/12/2024,West Ham,Brighton,1,1,46%,54%,11,12,4,6,3,2,76%,85%,1.22937,1.34379
21/12/2024,West Ham,Brighton,1,1,46%,54%,11,12,4,6,3,2,76%,85%,1.22937,1.34379
21/12/2024,Brentford,Nottingham Forest,0,2,64%,36%,7,10,3,6,2,3,85%,78%,0.769004,0.964897
21/12/2024,Brentford,Nottingham Forest,0,2,64%,36%,7,10,3,6,2,3,85%,78%,0.769004,0.964897
21/12/2024,Ipswich,Newcastle,0,4,42%,58%,10,15,2,7,4,7,83%,87%,1.06,3.23
21/12/2024,Crystal Palace,Arsenal,1,5,42%,58%,15,14,6,6,6,3,81%,87%,1.6052,3.05434
21/12/2024,Crystal Palace,Arsenal,1,5,42%,58%,15,14,6,6,6,3,81%,87%,1.6052,3.05434
22/12/2024,Manchester United,Bournemouth,0,3,60%,40%,23,10,7,5,10,3,80%,75%,2.28533,1.82831
22/12/2024,Manchester United,Bournemouth,0,3,60%,40%,23,10,7,5,10,3,80%,75%,2.28533,1.82831
22/12/2024,Fulham,Southampton,0,0,57%,43%,15,5,5,1,6,1,86%,80%,1.25255,0.280031
22/12/2024,Fulham,Southampton,0,0,57%,43%,15,5,5,1,6,1,86%,80%,1.25255,0.280031
22/12/2024,Everton,Chelsea,0,0,25%,75%,5,12,4,5,0,3,73%,90%,1.07081,1.51591
22/12/2024,Everton,Chelsea,0,0,25%,75%,5,12,4,5,0,3,73%,90%,1.07081,1.51591
22/12/2024,Leicester,Wolves,0,3,54%,46%,9,8,5,4,2,3,87%,84%,0.79,1.14
22/12/2024,Tottenham,Liverpool,3,6,52%,48%,9,24,5,12,3,8,85%,86%,1.20245,5.20214
22/12/2024,Tottenham,Liverpool,3,6,52%,48%,9,24,5,12,3,8,85%,86%,1.20245,5.20214
26/12/2024,Manchester City,Everton,1,1,66%,34%,24,8,5,3,9,3,91%,81%,2.51965,0.653289
26/12/2024,Manchester City,Everton,1,1,66%,34%,24,8,5,3,9,3,91%,81%,2.51965,0.653289
26/12/2024,Newcastle,Aston Villa,3,0,63%,37%,22,4,8,1,7,2,92%,80%,2.83,0.23
26/12/2024,Bournemouth,Crystal Palace,0,0,52%,48%,18,10,4,4,10,2,82%,78%,1.20189,0.500066
26/12/2024,Bournemouth,Crystal Palace,0,0,52%,48%,18,10,4,4,10,2,82%,78%,1.20189,0.500066
26/12/2024,Southampton,West Ham,0,1,54%,46%,18,16,5,2,9,8,84%,79%,2.19833,1.90111
26/12/2024,Southampton,West Ham,0,1,54%,46%,18,16,5,2,9,8,84%,79%,2.19833,1.90111
26/12/2024,Chelsea,Fulham,1,2,47%,53%,12,14,8,7,1,7,83%,86%,1.55626,1.77929
26/12/2024,Chelsea,Fulham,1,2,47%,53%,12,14,8,7,1,7,83%,86%,1.55626,1.77929
26/12/2024,Nottingham Forest,Tottenham,1,0,30%,70%,10,13,3,4,5,4,73%,88%,1.30018,1.05758
26/12/2024,Nottingham Forest,Tottenham,1,0,30%,70%,10,13,3,4,5,4,73%,88%,1.30018,1.05758
26/12/2024,Wolves,Manchester United,2,0,51%,49%,7,11,4,4,1,3,83%,80%,0.83,0.36
26/12/2024,Liverpool,Leicester,3,1,69%,31%,19,4,7,1,6,2,91%,76%,1.89935,0.22097
26/12/2024,Liverpool,Leicester,3,1,69%,31%,19,4,7,1,6,2,91%,76%,1.89935,0.22097
27/12/2024,Brighton,Brentford,0,0,58%,42%,24,8,7,3,12,2,82%,75%,1.33538,0.961233
27/12/2024,Brighton,Brentford,0,0,58%,42%,24,8,7,3,12,2,82%,75%,1.33538,0.961233
27/12/2024,Arsenal,Ipswich,1,0,68%,32%,13,3,5,0,3,0,90%,81%,2.16462,0.0783327
27/12/2024,Arsenal,Ipswich,1,0,68%,32%,13,3,5,0,3,0,90%,81%,2.16462,0.0783327
29/12/2024,Leicester,Manchester City,0,2,54%,46%,11,14,4,5,5,6,93%,91%,1.84208,1.58002
29/12/2024,Leicester,Manchester City,0,2,54%,46%,11,14,4,5,5,6,93%,91%,1.84208,1.58002
29/12/2024,Fulham,Bournemouth,2,2,52%,48%,11,16,6,9,3,6,80%,79%,0.961566,1.70692
29/12/2024,Fulham,Bournemouth,2,2,52%,48%,11,16,6,9,3,6,80%,79%,0.961566,1.70692
29/12/2024,Everton,Nottingham Forest,0,2,64%,36%,13,11,2,7,9,4,81%,68%,0.615191,2.02753
29/12/2024,Everton,Nottingham Forest,0,2,64%,36%,13,11,2,7,9,4,81%,68%,0.615191,2.02753
29/12/2024,Tottenham,Wolves,2,2,48%,52%,13,11,3,3,7,4,77%,80%,2.28,0.64
29/12/2024,Crystal Palace,Southampton,2,1,46%,54%,19,7,10,3,3,3,77%,80%,3.05417,1.21853
29/12/2024,Crystal Palace,Southampton,2,1,46%,54%,19,7,10,3,3,3,77%,80%,3.05417,1.21853
29/12/2024,West Ham,Liverpool,0,5,46%,54%,7,22,0,13,4,7,86%,88%,0.518279,3.29868
29/12/2024,West Ham,Liverpool,0,5,46%,54%,7,22,0,13,4,7,86%,88%,0.518279,3.29868
30/12/2024,Ipswich,Chelsea,2,0,24%,76%,9,20,6,5,1,7,63%,90%,1.50093,1.60622
30/12/2024,Ipswich,Chelsea,2,0,24%,76%,9,20,6,5,1,7,63%,90%,1.50093,1.60622
30/12/2024,Aston Villa,Brighton,2,2,60%,40%,20,13,4,4,7,4,85%,80%,1.87997,0.938042
30/12/2024,Aston Villa,Brighton,2,2,60%,40%,20,13,4,4,7,4,85%,80%,1.87997,0.938042
30/12/2024,Manchester United,Newcastle,0,2,53%,47%,10,12,0,4,5,4,87%,86%,1,2.24
01/01/2025,Brentford,Arsenal,1,3,51%,49%,5,14,2,5,2,4,82%,83%,0.272604,1.99848
01/01/2025,Brentford,Arsenal,1,3,51%,49%,5,14,2,5,2,4,82%,83%,0.272604,1.99848
04/01/2025,Tottenham,Newcastle,1,2,57%,43%,13,14,4,4,6,3,81%,79%,1,2.43
04/01/2025,Bournemouth,Everton,1,0,58%,42%,19,9,8,0,7,9,77%,67%,2.61852,0.561015
04/01/2025,Bournemouth,Everton,1,0,58%,42%,19,9,8,0,7,9,77%,67%,2.61852,0.561015
04/01/2025,Southampton,Brentford,0,5,51%,49%,8,20,1,11,5,7,86%,86%,0.249614,5.54874
04/01/2025,Southampton,Brentford,0,5,51%,49%,8,20,1,11,5,7,86%,86%,0.249614,5.54874
04/01/2025,Manchester City,West Ham,4,1,56%,44%,10,17,7,4,0,10,89%,86%,1.97986,1.53286
04/01/2025,Manchester City,West Ham,4,1,56%,44%,10,17,7,4,0,10,89%,86%,1.97986,1.53286
04/01/2025,Crystal Palace,Chelsea,1,1,38%,62%,13,15,6,1,2,10,75%,86%,1.2766,1.51541
04/01/2025,Crystal Palace,Chelsea,1,1,38%,62%,13,15,6,1,2,10,75%,86%,1.2766,1.51541
04/01/2025,Aston Villa,Leicester,2,1,61%,39%,13,4,5,2,3,2,89%,84%,2.3456,0.81548
04/01/2025,Aston Villa,Leicester,2,1,61%,39%,13,4,5,2,3,2,89%,84%,2.3456,0.81548
04/01/2025,Brighton,Arsenal,1,1,45%,55%,11,9,4,3,4,4,86%,88%,1.76513,1.81142
04/01/2025,Brighton,Arsenal,1,1,45%,55%,11,9,4,3,4,4,86%,88%,1.76513,1.81142
05/01/2025,Fulham,Ipswich,2,2,73%,27%,15,7,4,3,4,3,88%,75%,2.65469,1.4434
05/01/2025,Fulham,Ipswich,2,2,73%,27%,15,7,4,3,4,3,88%,75%,2.65469,1.4434
05/01/2025,Liverpool,Manchester United,2,2,53%,47%,19,13,6,4,8,1,83%,75%,2.862,1.67469
05/01/2025,Liverpool,Manchester United,2,2,53%,47%,19,13,6,4,8,1,83%,75%,2.862,1.67469
06/01/2025,Wolves,Nottingham Forest,0,3,61%,39%,13,11,6,3,2,6,85%,79%,1.9,2.57
14/01/2025,West Ham,Fulham,3,2,44%,56%,4,21,3,5,1,11,83%,85%,0.937322,2.83581
14/01/2025,West Ham,Fulham,3,2,44%,56%,4,21,3,5,1,11,83%,85%,0.937322,2.83581
14/01/2025,Chelsea,Bournemouth,2,2,57%,43%,26,7,10,3,7,3,83%,78%,2.53808,1.14845
14/01/2025,Chelsea,Bournemouth,2,2,57%,43%,26,7,10,3,7,3,83%,78%,2.53808,1.14845
14/01/2025,Brentford,Manchester City,2,2,45%,55%,18,21,6,8,9,11,81%,87%,2.39088,2.65315
14/01/2025,Brentford,Manchester City,2,2,45%,55%,18,21,6,8,9,11,81%,87%,2.39088,2.65315
14/01/2025,Nottingham Forest,Liverpool,1,1,29%,71%,6,23,3,7,1,10,68%,85%,0.5292,2.72291
14/01/2025,Nottingham Forest,Liverpool,1,1,29%,71%,6,23,3,7,1,10,68%,85%,0.5292,2.72291
15/01/2025,Newcastle,Wolves,3,0,61%,39%,17,13,5,7,5,4,87%,77%,2.13,1.47
15/01/2025,Everton,Aston Villa,0,1,50%,50%,10,11,3,3,6,4,81%,83%,1.23126,1.28522
15/01/2025,Everton,Aston Villa,0,1,50%,50%,10,11,3,3,6,4,81%,83%,1.23126,1.28522
15/01/2025,Leicester,Crystal Palace,0,2,57%,43%,21,9,4,4,11,3,86%,79%,2.09904,2.2647
15/01/2025,Leicester,Crystal Palace,0,2,57%,43%,21,9,4,4,11,3,86%,79%,2.09904,2.2647
15/01/2025,Arsenal,Tottenham,2,1,53%,47%,14,10,4,2,4,4,83%,84%,2.25501,0.777071
15/01/2025,Arsenal,Tottenham,2,1,53%,47%,14,10,4,2,4,4,83%,84%,2.25501,0.777071
16/01/2025,Ipswich,Brighton,0,2,46%,54%,5,11,3,5,2,0,83%,85%,0.268127,1.06343
16/01/2025,Ipswich,Brighton,0,2,46%,54%,5,11,3,5,2,0,83%,85%,0.268127,1.06343
16/01/2025,Manchester United,Southampton,3,1,60%,40%,23,13,9,5,2,3,85%,80%,3.10847,1.36705
16/01/2025,Manchester United,Southampton,3,1,60%,40%,23,13,9,5,2,3,85%,80%,3.10847,1.36705
18/01/2025,Newcastle,Bournemouth,1,4,55%,45%,13,19,5,10,3,6,78%,76%,0.84,2.7
18/01/2025,Leicester,Fulham,0,2,39%,61%,8,17,4,2,3,9,77%,86%,0.676934,2.36823
18/01/2025,Leicester,Fulham,0,2,39%,61%,8,17,4,2,3,9,77%,86%,0.676934,2.36823
18/01/2025,West Ham,Crystal Palace,0,2,54%,46%,7,12,0,7,4,4,82%,81%,0.221062,1.62561
18/01/2025,West Ham,Crystal Palace,0,2,54%,46%,7,12,0,7,4,4,82%,81%,0.221062,1.62561
18/01/2025,Brentford,Liverpool,0,2,39%,61%,11,37,6,8,4,14,79%,87%,1.20021,4.16249
18/01/2025,Brentford,Liverpool,0,2,39%,61%,11,37,6,8,4,14,79%,87%,1.20021,4.16249
18/01/2025,Arsenal,Aston Villa,2,2,66%,34%,18,8,6,4,7,3,89%,74%,1.64458,1.20602
18/01/2025,Arsenal,Aston Villa,2,2,66%,34%,18,8,6,4,7,3,89%,74%,1.64458,1.20602
19/01/2025,Manchester United,Brighton,1,3,52%,48%,10,6,1,3,3,1,83%,81%,1.31823,2.17172
19/01/2025,Manchester United,Brighton,1,3,52%,48%,10,6,1,3,3,1,83%,81%,1.31823,2.17172
19/01/2025,Everton,Tottenham,3,2,35%,65%,12,11,6,6,4,2,83%,86%,2.56089,1.35719
19/01/2025,Everton,Tottenham,3,2,35%,65%,12,11,6,6,4,2,83%,86%,2.56089,1.35719
19/01/2025,Nottingham Forest,Southampton,3,2,45%,55%,14,10,5,4,7,2,82%,87%,2.36419,1.25922
19/01/2025,Nottingham Forest,Southampton,3,2,45%,55%,14,10,5,4,7,2,82%,87%,2.36419,1.25922
19/01/2025,Ipswich,Manchester City,0,6,33%,67%,8,17,4,9,1,3,87%,92%,0.795637,3.20228
19/01/2025,Ipswich,Manchester City,0,6,33%,67%,8,17,4,9,1,3,87%,92%,0.795637,3.20228
20/01/2025,Chelsea,Wolves,3,1,63%,37%,19,9,7,4,6,2,89%,78%,3.15,1.07
25/01/2025,Bournemouth,Nottingham Forest,5,0,51%,49%,16,18,10,4,3,9,80%,75%,2.8254,0.996166
25/01/2025,Bournemouth,Nottingham Forest,5,0,51%,49%,16,18,10,4,3,9,80%,75%,2.8254,0.996166
25/01/2025,Wolves,Arsenal,0,1,52%,48%,9,9,4,3,4,3,84%,83%,0.51,0.89
25/01/2025,Liverpool,Ipswich,4,1,70%,30%,16,3,6,3,7,0,90%,77%,2.16809,0.804707
25/01/2025,Liverpool,Ipswich,4,1,70%,30%,16,3,6,3,7,0,90%,77%,2.16809,0.804707
25/01/2025,Southampton,Newcastle,1,3,53%,47%,12,17,5,9,3,4,84%,83%,0.83,3.08
25/01/2025,Brighton,Everton,0,1,69%,31%,16,3,1,1,11,2,87%,75%,0.64378,0.870883
25/01/2025,Brighton,Everton,0,1,69%,31%,16,3,1,1,11,2,87%,75%,0.64378,0.870883
25/01/2025,Manchester City,Chelsea,3,1,57%,43%,15,10,6,4,6,3,86%,83%,2.23213,1.49843
25/01/2025,Manchester City,Chelsea,3,1,57%,43%,15,10,6,4,6,3,86%,83%,2.23213,1.49843
26/01/2025,Tottenham,Leicester,1,2,61%,39%,15,12,6,3,5,2,84%,74%,1.27483,1.40469
26/01/2025,Tottenham,Leicester,1,2,61%,39%,15,12,6,3,5,2,84%,74%,1.27483,1.40469
26/01/2025,Crystal Palace,Brentford,1,2,47%,53%,16,13,5,6,7,6,71%,72%,1.23177,1.92037
26/01/2025,Crystal Palace,Brentford,1,2,47%,53%,16,13,5,6,7,6,71%,72%,1.23177,1.92037
26/01/2025,Aston Villa,West Ham,1,1,46%,54%,14,14,4,4,6,6,82%,84%,0.907851,1.67886
26/01/2025,Aston Villa,West Ham,1,1,46%,54%,14,14,4,4,6,6,82%,84%,0.907851,1.67886
26/01/2025,Fulham,Manchester United,0,1,51%,49%,9,4,3,1,6,2,83%,84%,0.560571,0.201988
26/01/2025,Fulham,Manchester United,0,1,51%,49%,9,4,3,1,6,2,83%,84%,0.560571,0.201988
01/02/2025,Nottingham Forest,Brighton,7,0,37%,63%,14,10,9,5,4,3,79%,86%,4.0677,0.756296
01/02/2025,Nottingham Forest,Brighton,7,0,37%,63%,14,10,9,5,4,3,79%,86%,4.0677,0.756296
01/02/2025,Newcastle,Fulham,1,2,48%,52%,11,15,4,4,6,4,82%,82%,1.23,1.61
01/02/2025,Bournemouth,Liverpool,0,2,49%,51%,14,19,3,7,8,5,79%,82%,1.65273,2.7219
01/02/2025,Bournemouth,Liverpool,0,2,49%,51%,14,19,3,7,8,5,79%,82%,1.65273,2.7219
01/02/2025,Everton,Leicester,4,0,47%,53%,13,9,7,1,4,2,81%,81%,3.11261,0.447136
01/02/2025,Everton,Leicester,4,0,47%,53%,13,9,7,1,4,2,81%,81%,3.11261,0.447136
01/02/2025,Ipswich,Southampton,1,2,57%,43%,15,9,6,4,5,1,85%,78%,1.94845,1.17566
01/02/2025,Ipswich,Southampton,1,2,57%,43%,15,9,6,4,5,1,85%,78%,1.94845,1.17566
01/02/2025,Wolves,Aston Villa,2,0,31%,69%,8,10,5,3,3,2,81%,89%,2,0.74
02/02/2025,Manchester United,Crystal Palace,0,2,67%,33%,17,11,2,3,6,7,82%,65%,1.50706,2.44633
02/02/2025,Manchester United,Crystal Palace,0,2,67%,33%,17,11,2,3,6,7,82%,65%,1.50706,2.44633
02/02/2025,Brentford,Tottenham,0,2,54%,46%,20,13,4,2,10,5,82%,82%,1.66475,0.945355
02/02/2025,Brentford,Tottenham,0,2,54%,46%,20,13,4,2,10,5,82%,82%,1.66475,0.945355
02/02/2025,Arsenal,Manchester City,5,1,46%,54%,12,7,7,4,2,3,87%,90%,1.53202,0.743191
02/02/2025,Arsenal,Manchester City,5,1,46%,54%,12,7,7,4,2,3,87%,90%,1.53202,0.743191
03/02/2025,Chelsea,West Ham,2,1,68%,32%,22,14,3,5,9,6,86%,74%,1.39066,1.1868
03/02/2025,Chelsea,West Ham,2,1,68%,32%,22,14,3,5,9,6,86%,74%,1.39066,1.1868
12/02/2025,Everton,Liverpool,2,2,37%,63%,10,6,3,4,5,0,70%,83%,0.910523,0.929103
12/02/2025,Everton,Liverpool,2,2,37%,63%,10,6,3,4,5,0,70%,83%,0.910523,0.929103
14/02/2025,Brighton,Chelsea,3,0,31%,69%,13,8,5,0,6,6,77%,90%,2.06892,0.649788
14/02/2025,Brighton,Chelsea,3,0,31%,69%,13,8,5,0,6,6,77%,90%,2.06892,0.649788
15/02/2025,Leicester,Arsenal,0,2,40%,60%,6,11,2,5,2,3,72%,86%,0.233209,1.75
15/02/2025,Leicester,Arsenal,0,2,40%,60%,6,11,2,5,2,3,72%,86%,0.233209,1.75
15/02/2025,Fulham,Nottingham Forest,2,1,56%,44%,24,8,10,2,8,3,88%,85%,2.20993,0.331301
15/02/2025,Fulham,Nottingham Forest,2,1,56%,44%,24,8,10,2,8,3,88%,85%,2.20993,0.331301
15/02/2025,Southampton,Bournemouth,1,3,45%,55%,11,14,4,7,3,3,79%,83%,0.974418,2.08722
15/02/2025,Southampton,Bournemouth,1,3,45%,55%,11,14,4,7,3,3,79%,83%,0.974418,2.08722
15/02/2025,West Ham,Brentford,0,1,59%,41%,13,14,3,5,3,5,85%,78%,0.673466,1.96499
15/02/2025,West Ham,Brentford,0,1,59%,41%,13,14,3,5,3,5,85%,78%,0.673466,1.96499
15/02/2025,Manchester City,Newcastle,4,0,62%,38%,11,3,7,1,2,1,92%,83%,2.12,0.16
15/02/2025,Aston Villa,Ipswich,1,1,76%,24%,25,4,6,3,10,0,91%,73%,2.89841,0.332864
15/02/2025,Aston Villa,Ipswich,1,1,76%,24%,25,4,6,3,10,0,91%,73%,2.89841,0.332864
15/02/2025,Crystal Palace,Everton,1,2,58%,42%,17,11,6,6,6,1,77%,72%,2.30646,1.01565
15/02/2025,Crystal Palace,Everton,1,2,58%,42%,17,11,6,6,6,1,77%,72%,2.30646,1.01565
16/02/2025,Liverpool,Wolves,2,1,50%,50%,10,16,3,4,6,7,82%,85%,1.87,1.05
16/02/2025,Tottenham,Manchester United,1,0,56%,44%,22,16,7,6,6,6,88%,83%,1.97109,1.42652
16/02/2025,Tottenham,Manchester United,1,0,56%,44%,22,16,7,6,6,6,88%,83%,1.97109,1.42652
19/02/2025,Aston Villa,Liverpool,2,2,52%,48%,9,17,4,3,3,10,84%,84%,1.02269,2.04279
19/02/2025,Aston Villa,Liverpool,2,2,52%,48%,9,17,4,3,3,10,84%,84%,1.02269,2.04279
21/02/2025,Leicester,Brentford,0,4,48%,52%,8,14,3,6,3,3,82%,84%,0.727901,2.03465
21/02/2025,Leicester,Brentford,0,4,48%,52%,8,14,3,6,3,3,82%,84%,0.727901,2.03465
22/02/2025,Everton,Manchester United,2,2,38%,62%,9,9,8,3,0,2,74%,86%,2.10444,0.645685
22/02/2025,Everton,Manchester United,2,2,38%,62%,9,9,8,3,0,2,74%,86%,2.10444,0.645685
22/02/2025,Bournemouth,Wolves,0,1,45%,55%,8,13,3,5,2,5,76%,80%,0.63,2.1
22/02/2025,Fulham,Crystal Palace,0,2,62%,38%,10,10,0,5,5,3,83%,76%,0.23426,1.46203
22/02/2025,Fulham,Crystal Palace,0,2,62%,38%,10,10,0,5,5,3,83%,76%,0.23426,1.46203
22/02/2025,Southampton,Brighton,0,4,50%,50%,6,18,1,12,2,3,80%,82%,0.154147,5.12018
22/02/2025,Southampton,Brighton,0,4,50%,50%,6,18,1,12,2,3,80%,82%,0.154147,5.12018
22/02/2025,Arsenal,West Ham,0,1,68%,32%,20,5,2,2,8,3,89%,78%,1.37264,1.02684
22/02/2025,Arsenal,West Ham,0,1,68%,32%,20,5,2,2,8,3,89%,78%,1.37264,1.02684
22/02/2025,Ipswich,Tottenham,1,4,41%,59%,17,10,5,6,5,1,82%,86%,1.15389,1.58741
22/02/2025,Ipswich,Tottenham,1,4,41%,59%,17,10,5,6,5,1,82%,86%,1.15389,1.58741
22/02/2025,Aston Villa,Chelsea,2,1,52%,48%,12,15,6,7,3,5,87%,88%,2.69413,2.17418
22/02/2025,Aston Villa,Chelsea,2,1,52%,48%,12,15,6,7,3,5,87%,88%,2.69413,2.17418
23/02/2025,Newcastle,Nottingham Forest,4,3,57%,43%,13,17,5,5,3,5,82%,73%,3.46,2.39
23/02/2025,Manchester City,Liverpool,0,2,66%,34%,16,8,5,4,3,2,92%,81%,0.558203,0.800048
23/02/2025,Manchester City,Liverpool,0,2,66%,34%,16,8,5,4,3,2,92%,81%,0.558203,0.800048
25/02/2025,Wolves,Fulham,1,2,60%,40%,18,11,5,5,7,3,88%,84%,0.93,1.43
25/02/2025,Brighton,Bournemouth,2,1,43%,57%,11,19,4,5,4,7,72%,80%,2.57927,1.70169
25/02/2025,Brighton,Bournemouth,2,1,43%,57%,11,19,4,5,4,7,72%,80%,2.57927,1.70169
25/02/2025,Crystal Palace,Aston Villa,4,1,36%,64%,19,6,6,2,8,3,73%,86%,4.02522,0.667217
25/02/2025,Crystal Palace,Aston Villa,4,1,36%,64%,19,6,6,2,8,3,73%,86%,4.02522,0.667217
25/02/2025,Chelsea,Southampton,4,0,60%,40%,19,7,10,2,7,2,91%,84%,2.98234,0.845039
25/02/2025,Chelsea,Southampton,4,0,60%,40%,19,7,10,2,7,2,91%,84%,2.98234,0.845039
26/02/2025,Manchester United,Ipswich,3,2,45%,55%,10,12,6,3,1,4,82%,86%,1.40202,1.04498
26/02/2025,Manchester United,Ipswich,3,2,45%,55%,10,12,6,3,1,4,82%,86%,1.40202,1.04498
26/02/2025,Tottenham,Manchester City,0,1,56%,44%,11,12,6,5,3,2,88%,87%,1.28426,2.38641
26/02/2025,Tottenham,Manchester City,0,1,56%,44%,11,12,6,5,3,2,88%,87%,1.28426,2.38641
26/02/2025,Brentford,Everton,1,1,52%,48%,12,14,3,4,6,8,84%,83%,1.34009,1.44955
26/02/2025,Brentford,Everton,1,1,52%,48%,12,14,3,4,6,8,84%,83%,1.34009,1.44955
26/02/2025,Nottingham Forest,Arsenal,0,0,35%,65%,6,13,2,1,1,3,74%,87%,0.508611,1.31766
26/02/2025,Nottingham Forest,Arsenal,0,0,35%,65%,6,13,2,1,1,3,74%,87%,0.508611,1.31766
26/02/2025,Liverpool,Newcastle,2,0,61%,39%,12,3,3,0,5,2,90%,84%,1.4,0.46
27/02/2025,West Ham,Leicester,2,0,58%,42%,8,10,2,2,3,3,90%,85%,1.70437,0.289578
27/02/2025,West Ham,Leicester,2,0,58%,42%,8,10,2,2,3,3,90%,85%,1.70437,0.289578
08/03/2025,Nottingham Forest,Manchester City,1,0,31%,69%,9,14,4,3,3,8,80%,90%,0.501476,0.721234
08/03/2025,Nottingham Forest,Manchester City,1,0,31%,69%,9,14,4,3,3,8,80%,90%,0.501476,0.721234
08/03/2025,Liverpool,Southampton,3,1,71%,29%,28,6,7,4,13,0,91%,76%,4.98996,0.511566
08/03/2025,Liverpool,Southampton,3,1,71%,29%,28,6,7,4,13,0,91%,76%,4.98996,0.511566
08/03/2025,Brighton,Fulham,2,1,53%,47%,9,6,4,1,3,2,86%,85%,1.94417,0.708227
08/03/2025,Brighton,Fulham,2,1,53%,47%,9,6,4,1,3,2,86%,85%,1.94417,0.708227
08/03/2025,Crystal Palace,Ipswich,1,0,55%,45%,19,15,4,8,6,4,74%,75%,3.13879,1.63282
08/03/2025,Crystal Palace,Ipswich,1,0,55%,45%,19,15,4,8,6,4,74%,75%,3.13879,1.63282
08/03/2025,Brentford,Aston Villa,0,1,60%,40%,13,12,3,4,4,2,86%,76%,0.637743,1.29638
08/03/2025,Brentford,Aston Villa,0,1,60%,40%,13,12,3,4,4,2,86%,76%,0.637743,1.29638
08/03/2025,Wolves,Everton,1,1,66%,34%,11,12,3,4,5,1,88%,76%,0.81,1.37
09/03/2025,Tottenham,Bournemouth,2,2,61%,39%,12,17,4,8,3,4,82%,76%,1.35053,2.22536
09/03/2025,Tottenham,Bournemouth,2,2,61%,39%,12,17,4,8,3,4,82%,76%,1.35053,2.22536
09/03/2025,Chelsea,Leicester,1,0,57%,43%,20,3,7,3,5,0,86%,81%,1.76844,0.108487
09/03/2025,Chelsea,Leicester,1,0,57%,43%,20,3,7,3,5,0,86%,81%,1.76844,0.108487
09/03/2025,Manchester United,Arsenal,1,1,32%,68%,10,17,6,6,2,6,76%,89%,1.31107,1.82996
09/03/2025,Manchester United,Arsenal,1,1,32%,68%,10,17,6,6,2,6,76%,89%,1.31107,1.82996
10/03/2025,West Ham,Newcastle,0,1,51%,49%,9,9,2,3,1,3,81%,81%,0.82,1.63
15/03/2025,Southampton,Wolves,1,2,59%,41%,10,5,3,3,3,2,89%,86%,1.28,0.54
15/03/2025,Everton,West Ham,1,1,54%,46%,13,10,5,5,4,4,85%,80%,1.189,0.516029
15/03/2025,Everton,West Ham,1,1,54%,46%,13,10,5,5,4,4,85%,80%,1.189,0.516029
15/03/2025,Manchester City,Brighton,2,2,60%,40%,11,15,3,3,7,10,83%,75%,2.02642,2.11119
15/03/2025,Manchester City,Brighton,2,2,60%,40%,11,15,3,3,7,10,83%,75%,2.02642,2.11119
15/03/2025,Ipswich,Nottingham Forest,2,4,56%,44%,11,11,4,6,5,4,84%,79%,0.520839,1.30722
15/03/2025,Ipswich,Nottingham Forest,2,4,56%,44%,11,11,4,6,5,4,84%,79%,0.520839,1.30722
15/03/2025,Bournemouth,Brentford,1,2,59%,41%,17,10,5,4,7,5,81%,71%,2.02714,1.60321
15/03/2025,Bournemouth,Brentford,1,2,59%,41%,17,10,5,4,7,5,81%,71%,2.02714,1.60321
16/03/2025,Fulham,Tottenham,2,0,57%,43%,13,12,4,4,3,4,84%,86%,1.03966,1.40865
16/03/2025,Fulham,Tottenham,2,0,57%,43%,13,12,4,4,3,4,84%,86%,1.03966,1.40865
16/03/2025,Arsenal,Chelsea,1,0,41%,59%,12,8,4,2,6,3,84%,87%,0.695725,0.286036
16/03/2025,Arsenal,Chelsea,1,0,41%,59%,12,8,4,2,6,3,84%,87%,0.695725,0.286036
16/03/2025,Leicester,Manchester United,0,3,54%,46%,11,18,3,5,2,8,84%,79%,1.30455,1.13892
16/03/2025,Leicester,Manchester United,0,3,54%,46%,11,18,3,5,2,8,84%,79%,1.30455,1.13892
01/04/2025,Wolves,West Ham,1,0,41%,59%,9,10,2,1,6,7,81%,85%,1.1,1.73
01/04/2025,Arsenal,Fulham,2,1,51%,49%,17,9,4,3,6,4,90%,86%,2.30189,1.44206
01/04/2025,Arsenal,Fulham,2,1,51%,49%,17,9,4,3,6,4,90%,86%,2.30189,1.44206
01/04/2025,Nottingham Forest,Manchester United,1,0,32%,68%,8,23,2,6,4,9,73%,86%,0.512063,1.86688
01/04/2025,Nottingham Forest,Manchester United,1,0,32%,68%,8,23,2,6,4,9,73%,86%,0.512063,1.86688
02/04/2025,Newcastle,Brentford,2,1,48%,52%,21,12,4,3,9,3,76%,77%,2.27,1.53
02/04/2025,Bournemouth,Ipswich,1,2,64%,36%,24,10,7,2,10,6,82%,69%,1.99637,1.41263
02/04/2025,Bournemouth,Ipswich,1,2,64%,36%,24,10,7,2,10,6,82%,69%,1.99637,1.41263
02/04/2025,Southampton,Crystal Palace,1,1,43%,57%,8,9,2,3,3,5,78%,84%,0.687304,0.93776
02/04/2025,Southampton,Crystal Palace,1,1,43%,57%,8,9,2,3,3,5,78%,84%,0.687304,0.93776
02/04/2025,Manchester City,Leicester,2,0,72%,28%,18,2,5,0,5,2,94%,81%,2.07165,0.104741
02/04/2025,Manchester City,Leicester,2,0,72%,28%,18,2,5,0,5,2,94%,81%,2.07165,0.104741
02/04/2025,Brighton,Aston Villa,0,3,56%,44%,11,8,4,5,5,3,86%,84%,0.558009,1.20715
02/04/2025,Brighton,Aston Villa,0,3,56%,44%,11,8,4,5,5,3,86%,84%,0.558009,1.20715
02/04/2025,Liverpool,Everton,1,0,74%,26%,17,5,3,0,5,2,87%,64%,1.29718,0.823136
02/04/2025,Liverpool,Everton,1,0,74%,26%,17,5,3,0,5,2,87%,64%,1.29718,0.823136
03/04/2025,Chelsea,Tottenham,1,0,50%,50%,11,8,5,2,4,3,85%,88%,1.30443,1.40274
03/04/2025,Chelsea,Tottenham,1,0,50%,50%,11,8,5,2,4,3,85%,88%,1.30443,1.40274
05/04/2025,Everton,Arsenal,1,1,30%,70%,5,14,2,5,2,3,69%,87%,1.22875,1.4031
05/04/2025,Everton,Arsenal,1,1,30%,70%,5,14,2,5,2,3,69%,87%,1.22875,1.4031
05/04/2025,West Ham,Bournemouth,2,2,56%,44%,9,11,3,4,5,4,79%,74%,0.907832,1.94869
05/04/2025,West Ham,Bournemouth,2,2,56%,44%,9,11,3,4,5,4,79%,74%,0.907832,1.94869
05/04/2025,Crystal Palace,Brighton,2,1,38%,62%,8,11,3,5,1,3,75%,85%,0.443965,1.27226
05/04/2025,Crystal Palace,Brighton,2,1,38%,62%,8,11,3,5,1,3,75%,85%,0.443965,1.27226
05/04/2025,Ipswich,Wolves,1,2,44%,56%,6,22,2,7,2,9,76%,82%,0.87,3.81
05/04/2025,Aston Villa,Nottingham Forest,2,1,52%,48%,17,19,8,3,6,14,85%,84%,2.63349,0.96769
05/04/2025,Aston Villa,Nottingham Forest,2,1,52%,48%,17,19,8,3,6,14,85%,84%,2.63349,0.96769
06/04/2025,Fulham,Liverpool,3,2,38%,62%,12,14,6,6,4,5,78%,84%,1.72764,1.40638
06/04/2025,Fulham,Liverpool,3,2,38%,62%,12,14,6,6,4,5,78%,84%,1.72764,1.40638
06/04/2025,Tottenham,Southampton,3,1,51%,49%,13,12,8,4,2,2,89%,89%,2.648,0.780439
06/04/2025,Tottenham,Southampton,3,1,51%,49%,13,12,8,4,2,2,89%,89%,2.648,0.780439
06/04/2025,Brentford,Chelsea,0,0,41%,59%,9,21,2,5,5,9,76%,84%,1.36123,1.47829
06/04/2025,Brentford,Chelsea,0,0,41%,59%,9,21,2,5,5,9,76%,84%,1.36123,1.47829
06/04/2025,Manchester United,Manchester City,0,0,42%,58%,13,9,2,5,5,3,84%,88%,1.23317,0.687894
06/04/2025,Manchester United,Manchester City,0,0,42%,58%,13,9,2,5,5,3,84%,88%,1.23317,0.687894
07/04/2025,Leicester,Newcastle,0,3,58%,42%,7,16,2,5,4,8,84%,80%,0.35,3.44
12/04/2025,Manchester City,Crystal Palace,,,,,,,,,,,,,,
12/04/2025,Southampton,Aston Villa,,,,,,,,,,,,,,
12/04/2025,Brighton,Leicester,,,,,,,,,,,,,,
12/04/2025,Nottingham Forest,Everton,,,,,,,,,,,,,,
12/04/2025,Arsenal,Brentford,,,,,,,,,,,,,,
13/04/2025,Wolves,Tottenham,,,,,,,,,,,,,,
13/04/2025,Liverpool,West Ham,,,,,,,,,,,,,,
13/04/2025,Chelsea,Ipswich,,,,,,,,,,,,,,
13/04/2025,Newcastle,Manchester United,,,,,,,,,,,,,,
14/04/2025,Bournemouth,Fulham,,,,,,,,,,,,,,
16/04/2025,Newcastle,Crystal Palace,,,,,,,,,,,,,,
19/04/2025,Everton,Manchester City,,,,,,,,,,,,,,
19/04/2025,West Ham,Southampton,,,,,,,,,,,,,,
19/04/2025,Crystal Palace,Bournemouth,,,,,,,,,,,,,,
19/04/2025,Brentford,Brighton,,,,,,,,,,,,,,
19/04/2025,Aston Villa,Newcastle,,,,,,,,,,,,,,
20/04/2025,Manchester United,Wolves,,,,,,,,,,,,,,
20/04/2025,Fulham,Chelsea,,,,,,,,,,,,,,
20/04/2025,Ipswich,Arsenal,,,,,,,,,,,,,,
20/04/2025,Leicester,Liverpool,,,,,,,,,,,,,,
21/04/2025,Tottenham,Nottingham Forest,,,,,,,,,,,,,,
22/04/2025,Manchester City,Aston Villa,,,,,,,,,,,,,,
23/04/2025,Arsenal,Crystal Palace,,,,,,,,,,,,,,
26/04/2025,Chelsea,Everton,,,,,,,,,,,,,,
26/04/2025,Newcastle,Ipswich,,,,,,,,,,,,,,
26/04/2025,Wolves,Leicester,,,,,,,,,,,,,,
26/04/2025,Southampton,Fulham,,,,,,,,,,,,,,
26/04/2025,Brighton,West Ham,,,,,,,,,,,,,,
27/04/2025,Bournemouth,Manchester United,,,,,,,,,,,,,,
27/04/2025,Liverpool,Tottenham,,,,,,,,,,,,,,
01/05/2025,Nottingham Forest,Brentford,,,,,,,,,,,,,,
02/05/2025,Manchester City,Wolves,,,,,,,,,,,,,,
03/05/2025,Aston Villa,Fulham,,,,,,,,,,,,,,
03/05/2025,Everton,Ipswich,,,,,,,,,,,,,,
03/05/2025,Leicester,Southampton,,,,,,,,,,,,,,
03/05/2025,West Ham,Tottenham,,,,,,,,,,,,,,
03/05/2025,Arsenal,Bournemouth,,,,,,,,,,,,,,
04/05/2025,Brighton,Newcastle,,,,,,,,,,,,,,
04/05/2025,Brentford,Manchester United,,,,,,,,,,,,,,
04/05/2025,Chelsea,Liverpool,,,,,,,,,,,,,,
05/05/2025,Crystal Palace,Nottingham Forest,,,,,,,,,,,,,,
10/05/2025,Newcastle,Chelsea,,,,,,,,,,,,,,
10/05/2025,Manchester United,West Ham,,,,,,,,,,,,,,
10/05/2025,Fulham,Everton,,,,,,,,,,,,,,
10/05/2025,Wolves,Brighton,,,,,,,,,,,,,,
10/05/2025,Southampton,Manchester City,,,,,,,,,,,,,,
10/05/2025,Tottenham,Crystal Palace,,,,,,,,,,,,,,
10/05/2025,Ipswich,Brentford,,,,,,,,,,,,,,
10/05/2025,Bournemouth,Aston Villa,,,,,,,,,,,,,,
11/05/2025,Nottingham Forest,Leicester,,,,,,,,,,,,,,
11/05/2025,Liverpool,Arsenal,,,,,,,,,,,,,,
18/05/2025,Arsenal,Newcastle,,,,,,,,,,,,,,
18/05/2025,Everton,Southampton,,,,,,,,,,,,,,
18/05/2025,Leicester,Ipswich,,,,,,,,,,,,,,
18/05/2025,West Ham,Nottingham Forest,,,,,,,,,,,,,,
18/05/2025,Chelsea,Manchester United,,,,,,,,,,,,,,
18/05/2025,Manchester City,Bournemouth,,,,,,,,,,,,,,
18/05/2025,Brighton,Liverpool,,,,,,,,,,,,,,
18/05/2025,Crystal Palace,Wolves,,,,,,,,,,,,,,
18/05/2025,Brentford,Fulham,,,,,,,,,,,,,,
18/05/2025,Aston Villa,Tottenham,,,,,,,,,,,,,,
25/05/2025,Manchester United,Aston Villa,,,,,,,,,,,,,,
25/05/2025,Newcastle,Everton,,,,,,,,,,,,,,
25/05/2025,Bournemouth,Leicester,,,,,,,,,,,,,,
25/05/2025,Fulham,Manchester City,,,,,,,,,,,,,,
25/05/2025,Wolves,Brentford,,,,,,,,,,,,,,
25/05/2025,Liverpool,Crystal Palace,,,,,,,,,,,,,,
25/05/2025,Southampton,Arsenal,,,,,,,,,,,,,,
25/05/2025,Tottenham,Brighton,,,,,,,,,,,,,,
25/05/2025,Ipswich,West Ham,,,,,,,,,,,,,,
25/05/2025,Nottingham Forest,Chelsea,,,,,,,,,,,,,,
